9;BATTERY NO. 1 (Cell 2);V;N;week
9;BATTERY NO. 1 (Cell 2);mOhm;N;week
9;BATTERY NO. 2 (Cell 2);V;N;week
9;BATTERY NO. 2 (Cell 2);mOhm;N;week
9;BATTERY NO. 3 (Cell 2);V;N;week
9;BATTERY NO. 3 (Cell 2);mOhm;N;week
9;BATTERY NO. 4 (Cell 2);V;N;week
9;BATTERY NO. 4 (Cell 2);mOhm;N;week
9;BATTERY NO. 5 (Cell 2);V;N;week
9;BATTERY NO. 5 (Cell 2);mOhm;N;week
9;BATTERY NO. 6 (Cell 2);V;N;week
9;BATTERY NO. 6 (Cell 2);mOhm;N;week
9;BATTERY NO. 7 (Cell 2);V;N;week
9;BATTERY NO. 7 (Cell 2);mOhm;N;week
9;BATTERY NO. 8 (Cell 2);V;N;week
9;BATTERY NO. 8 (Cell 2);mOhm;N;week
9;BATTERY NO. 9 (Cell 2);V;N;week
9;BATTERY NO. 9 (Cell 2);mOhm;N;week
9;BATTERY NO. 10 (Cell 2);V;N;week
9;BATTERY NO. 10 (Cell 2);mOhm;N;week
9;BATTERY NO. 11 (Cell 2);V;N;week
9;BATTERY NO. 11 (Cell 2);mOhm;N;week
9;BATTERY NO. 12 (Cell 2);V;N;week
9;BATTERY NO. 12 (Cell 2);mOhm;N;week
9;BATTERY NO. 13 (Cell 2);V;N;week
9;BATTERY NO. 13 (Cell 2);mOhm;N;week
9;BATTERY NO. 14 (Cell 2);V;N;week
9;BATTERY NO. 14 (Cell 2);mOhm;N;week
9;BATTERY NO. 15 (Cell 2);V;N;week
9;BATTERY NO. 15 (Cell 2);mOhm;N;week
9;BATTERY NO. 16 (Cell 2);V;N;week
9;BATTERY NO. 16 (Cell 2);mOhm;N;week
9;BATTERY NO. 17 (Cell 2);V;N;week
9;BATTERY NO. 17 (Cell 2);mOhm;N;week
9;BATTERY NO. 18 (Cell 2);V;N;week
9;BATTERY NO. 18 (Cell 2);mOhm;N;week
9;BATTERY NO. 19 (Cell 2);V;N;week
9;BATTERY NO. 19 (Cell 2);mOhm;N;week
9;BATTERY NO. 20 (Cell 2);V;N;week
9;BATTERY NO. 20 (Cell 2);mOhm;N;week
9;BATTERY NO. 21 (Cell 2);V;N;week
9;BATTERY NO. 21 (Cell 2);mOhm;N;week
9;BATTERY NO. 22 (Cell 2);V;N;week
9;BATTERY NO. 22 (Cell 2);mOhm;N;week
9;BATTERY NO. 23 (Cell 2);V;N;week
9;BATTERY NO. 23 (Cell 2);mOhm;N;week
9;BATTERY NO. 24 (Cell 2);V;N;week
9;BATTERY NO. 24 (Cell 2);mOhm;N;week
9;BATTERY NO. 25 (Cell 2);V;N;week
9;BATTERY NO. 25 (Cell 2);mOhm;N;week
9;BATTERY NO. 26 (Cell 2);V;N;week
9;BATTERY NO. 26 (Cell 2);mOhm;N;week
9;BATTERY NO. 27 (Cell 2);V;N;week
9;BATTERY NO. 27 (Cell 2);mOhm;N;week
9;BATTERY NO. 28 (Cell 2);V;N;week
9;BATTERY NO. 28 (Cell 2);mOhm;N;week
9;BATTERY NO. 29 (Cell 2);V;N;week
9;BATTERY NO. 29 (Cell 2);mOhm;N;week
9;BATTERY NO. 30 (Cell 2);V;N;week
9;BATTERY NO. 30 (Cell 2);mOhm;N;week
9;BATTERY NO. 31 (Cell 2);V;N;week
9;BATTERY NO. 31 (Cell 2);mOhm;N;week
9;BATTERY NO. 32 (Cell 2);V;N;week
9;BATTERY NO. 32 (Cell 2);mOhm;N;week
9;BATTERY NO. 33 (Cell 2);V;N;week
9;BATTERY NO. 33 (Cell 2);mOhm;N;week
9;BATTERY NO. 34 (Cell 2);V;N;week
9;BATTERY NO. 34 (Cell 2);mOhm;N;week
9;BATTERY NO. 35 (Cell 2);V;N;week
9;BATTERY NO. 35 (Cell 2);mOhm;N;week
9;BATTERY NO. 36 (Cell 2);V;N;week
9;BATTERY NO. 36 (Cell 2);mOhm;N;week
9;BATTERY NO. 37 (Cell 2);V;N;week
9;BATTERY NO. 37 (Cell 2);mOhm;N;week
9;BATTERY NO. 38 (Cell 2);V;N;week
9;BATTERY NO. 38 (Cell 2);mOhm;N;week
9;BATTERY NO. 39 (Cell 2);V;N;week
9;BATTERY NO. 39 (Cell 2);mOhm;N;week
9;BATTERY NO. 40 (Cell 2);V;N;week
9;BATTERY NO. 40 (Cell 2);mOhm;N;week
9;BATTERY NO. 41 (Cell 2);V;N;week
9;BATTERY NO. 41 (Cell 2);mOhm;N;week
9;BATTERY NO. 42 (Cell 2);V;N;week
9;BATTERY NO. 42 (Cell 2);mOhm;N;week
9;BATTERY NO. 43 (Cell 2);V;N;week
9;BATTERY NO. 43 (Cell 2);mOhm;N;week
9;BATTERY NO. 44 (Cell 2);V;N;week
9;BATTERY NO. 44 (Cell 2);mOhm;N;week
9;BATTERY NO. 45 (Cell 2);V;N;week
9;BATTERY NO. 45 (Cell 2);mOhm;N;week
9;BATTERY NO. 46 (Cell 2);V;N;week
9;BATTERY NO. 46 (Cell 2);mOhm;N;week
9;BATTERY NO. 47 (Cell 2);V;N;week
9;BATTERY NO. 47 (Cell 2);mOhm;N;week
9;BATTERY NO. 48 (Cell 2);V;N;week
9;BATTERY NO. 48 (Cell 2);mOhm;N;week
