FMA-PSU9J5s;FMA-PSU9J5;Status
FMA-PSU0J5s;FMA-PSU0J5;Status
FMA-HPAJ5s;FMA-HPAJ5;Status
FMA-HPAJ5rf;FMA-HPAJ5;RF Output
FMA-HPAJ5at;FMA-HPAJ5;Attenuation
FMA-HPAJ5bv;FMA-HPAJ5;Beam Voltage
FMA-HPAJ5hv;FMA-HPAJ5;Heater Voltage
FMA-HPAJ5rrf;FMA-HPAJ5;Reflected RF
FMA-HPAJ5it;FMA-HPAJ5;Inlet Temperature
FMA-HPAJ5bc;FMA-HPAJ5;Body Current
FMA-HPAJ5bea;FMA-HPAJ5;Beacon
FMA-HPAJ5beC;FMA-HPAJ5;Beam Current
FMA-HPAJ5hc;FMA-HPAJ5;Heater Current
FMA-HPAJ5ct;FMA-HPAJ5;Cabinet Temperature
FMA-HPAJ5ot;FMA-HPAJ5;Outlet Temperature
FMA-HPA0J5s;FMA-HPA0J5;Status
FMA-HPA0J5rf;FMA-HPA0J5;RF Output
FMA-HPA0J5at;FMA-HPA0J5;Attenuation
FMA-HPA0J5bv;FMA-HPA0J5;Beam Voltage
FMA-HPA0J5hv;FMA-HPA0J5;Heater Voltage
FMA-HPA0J5rrf;FMA-HPA0J5;Reflected RF
FMA-HPA0J5it;FMA-HPA0J5;Inlet Temperature
FMA-HPA0J5bc;FMA-HPA0J5;Body Current
FMA-HPA0J5bea;FMA-HPA0J5;Beacon
FMA-HPA0J5beC;FMA-HPA0J5;Beam Current
FMA-HPA0J5hc;FMA-HPA0J5;Heater Current
FMA-HPA0J5ct;FMA-HPA0J5;Cabinet Temperature
FMA-HPA0J5ot;FMA-HPA0J5;Outlet Temperature
FMA-TLT909s;FMA-TLT909;Status
FMA-MCU744s;FMA-MCU744;Status
FMA-DTR456s;FMA-DTR456;Status
FMA-DTR456fr;FMA-DTR456;Frequensi
FMA-DTR456da;FMA-DTR456;DAC
FMA-ACU842s;FMA-ACU842;Status
FMA-ACU842az;FMA-ACU842;Azimuth
FMA-ACU842el;FMA-ACU842;Elevasi
FMA-ACU842po;FMA-ACU842;Polarizasi
FMA-ACU842si;FMA-ACU842;Signal
FMA-ACU842fr;FMA-ACU842;Frequensi
FMA-UPC249s;FMA-UPC249;Status
FMA-UPC249fr;FMA-UPC249;Frequensi
FMA-UPC249at;FMA-UPC249;Attenuation
FMA-UPC248s;FMA-UPC248;Status
FMA-UPC248fr;FMA-UPC248;Frequensi
FMA-UPC248at;FMA-UPC248;Attenuation
FMA-RCU518s;FMA-RCU518;Status
FMA-RCU514s;FMA-RCU514;Status
FMA-RCU513s;FMA-RCU513;Status
FMA-RCU401s;FMA-RCU401;Status
FMA-MDM356s;FMA-MDM356;Status
FMA-MDM356fr;FMA-MDM356;Frequensi
FMA-MDM356po;FMA-MDM356;Power
FMA-DCV095s;FMA-DCV095;Status
FMA-DCV095fr;FMA-DCV095;Frequensi
FMA-DCV095at;FMA-DCV095;Attenuation
FMA-DCV094s;FMA-DCV094;Status
FMA-DCV094fr;FMA-DCV094;Frequensi
FMA-DCV094at;FMA-DCV094;Attenuation
